source,page_url,followers,date,time,time_zone,interactions,post_type,post_message,post_link
Heart of Texas,Facebook.com/Txrebels,160596,2016-12-14,18:15:00, GMT-0500,148916,Facebook,,https://www.facebook.com/txrebels/posts/1073959529392536
Heart of Texas,Facebook.com/Txrebels,240598,2017-07-24,22:00:00, GMT-0400,110640,Facebook,,https://www.facebook.com/txrebels/posts/1295547340567086
Heart of Texas,Facebook.com/Txrebels,249470,2017-08-21,18:30:00, GMT-0400,79548,Facebook,,https://www.facebook.com/txrebels/posts/1325150370940116
Heart of Texas,Facebook.com/Txrebels,202767,2017-04-12,16:00:00, GMT-0400,64311,Facebook,,https://www.facebook.com/txrebels/posts/1188651411256680
Heart of Texas,Facebook.com/Txrebels,164245,2016-12-26,18:30:00, GMT-0500,44176,Facebook,,https://www.facebook.com/txrebels/posts/1084070288381460
Heart of Texas,Facebook.com/Txrebels,185339,2017-02-27,17:30:00, GMT-0500,43094,Facebook,,https://www.facebook.com/txrebels/posts/1144266829028472
Heart of Texas,Facebook.com/Txrebels,249618,2017-08-22,16:30:00, GMT-0400,40349,Facebook,,https://www.facebook.com/txrebels/posts/1326086440846509
Heart of Texas,Facebook.com/Txrebels,191008,2017-03-10,15:59:00, GMT-0500,37444,Facebook,,https://www.facebook.com/txrebels/posts/1154388784682943
Heart of Texas,Facebook.com/Txrebels,202767,2017-04-12,16:59:00, GMT-0400,34255,Facebook,,https://www.facebook.com/txrebels/posts/1188652414589913
Heart of Texas,Facebook.com/Txrebels,225723,2017-06-14,18:30:00, GMT-0400,33849,Facebook,,https://www.facebook.com/txrebels/posts/1254079924713828
Heart of Texas,Facebook.com/Txrebels,229567,2017-06-17,19:00:00, GMT-0400,32665,Facebook,,https://www.facebook.com/txrebels/posts/1255181941270293
Heart of Texas,Facebook.com/Txrebels,225270,2017-06-13,16:59:00, GMT-0400,27492,Facebook,,https://www.facebook.com/txrebels/posts/1252951561493331
Heart of Texas,Facebook.com/Txrebels,200756,2017-04-03,20:08:00, GMT-0400,26945,Facebook,,https://www.facebook.com/txrebels/posts/1173086739479814
Heart of Texas,Facebook.com/Txrebels,192166,2017-03-14,19:00:00, GMT-0400,24203,Facebook,,https://www.facebook.com/txrebels/posts/1158601674261654
Heart of Texas,Facebook.com/Txrebels,247358,2017-08-14,16:30:00, GMT-0400,23338,Facebook,,https://www.facebook.com/txrebels/posts/1317106205077866
Heart of Texas,Facebook.com/Txrebels,174651,2017-01-30,15:59:00, GMT-0500,23231,Facebook,,https://www.facebook.com/txrebels/posts/1117908731664282
Heart of Texas,Facebook.com/Txrebels,177366,2017-02-06,17:00:00, GMT-0500,22410,Facebook,,https://www.facebook.com/txrebels/posts/1125422947579527
Heart of Texas,Facebook.com/Txrebels,244655,2017-08-03,14:00:00, GMT-0400,21662,Facebook,,https://www.facebook.com/txrebels/posts/1306111196177367
Heart of Texas,Facebook.com/Txrebels,222325,2017-05-31,19:31:00, GMT-0400,20360,Facebook,,https://www.facebook.com/txrebels/posts/1237694026352418
Heart of Texas,Facebook.com/Txrebels,237156,2017-07-13,18:30:00, GMT-0400,19754,Facebook,,https://www.facebook.com/txrebels/posts/1283693765085777
Heart of Texas,Facebook.com/Txrebels,225116,2017-06-12,18:00:00, GMT-0400,19559,Facebook,,https://www.facebook.com/txrebels/posts/1248375678617586
Heart of Texas,Facebook.com/Txrebels,181187,2017-02-16,15:00:11, GMT-0500,17080,Facebook,,https://www.facebook.com/txrebels/posts/1134045593383929
Heart of Texas,Facebook.com/Txrebels,169901,2017-01-11,15:00:00, GMT-0500,16860,Facebook,,https://www.facebook.com/txrebels/posts/1097355633719592
Heart of Texas,Facebook.com/Txrebels,236610,2017-07-11,18:01:00, GMT-0400,16375,Facebook,,https://www.facebook.com/txrebels/posts/1281924498596037
Heart of Texas,Facebook.com/Txrebels,178061,2017-02-08,15:59:04, GMT-0500,15772,Facebook,,https://www.facebook.com/txrebels/posts/1127303444058144
Heart of Texas,Facebook.com/Txrebels,194385,2017-03-23,19:32:14, GMT-0400,14695,Facebook,,https://www.facebook.com/txrebels/posts/1166891013432720
Heart of Texas,Facebook.com/Txrebels,222446,2017-06-01,18:30:00, GMT-0400,14516,Facebook,,https://www.facebook.com/txrebels/posts/1238726072915880
Heart of Texas,Facebook.com/Txrebels,246175,2017-08-09,20:00:00, GMT-0400,14409,Facebook,,https://www.facebook.com/txrebels/posts/1312136658908154
Heart of Texas,Facebook.com/Txrebels,181540,2017-02-17,15:59:00, GMT-0500,14286,Facebook,,https://www.facebook.com/txrebels/posts/1135125506609271
Heart of Texas,Facebook.com/Txrebels,195421,2017-03-24,19:23:00, GMT-0400,13741,Facebook,,https://www.facebook.com/txrebels/posts/1167857960002692
Heart of Texas,Facebook.com/Txrebels,246612,2017-08-11,20:00:00, GMT-0400,13448,Facebook,,https://www.facebook.com/txrebels/posts/1314027772052376
Heart of Texas,Facebook.com/Txrebels,180884,2017-02-15,18:31:00, GMT-0500,13418,Facebook,,https://www.facebook.com/txrebels/posts/1132997076822114
Heart of Texas,Facebook.com/Txrebels,211767,2017-04-21,19:30:00, GMT-0400,13068,Facebook,,https://www.facebook.com/txrebels/posts/1200731400048681
Heart of Texas,Facebook.com/Txrebels,215317,2017-05-01,18:00:00, GMT-0400,13044,Facebook,,https://www.facebook.com/txrebels/posts/1203135436474944
Heart of Texas,Facebook.com/Txrebels,232375,2017-06-23,16:00:00, GMT-0400,13027,Facebook,,https://www.facebook.com/txrebels/posts/1263490710439416
Heart of Texas,Facebook.com/Txrebels,197903,2017-03-27,16:59:00, GMT-0400,12853,Facebook,,https://www.facebook.com/txrebels/posts/1170774949710993
Heart of Texas,Facebook.com/Txrebels,224132,2017-06-09,18:00:00, GMT-0400,12829,Facebook,,https://www.facebook.com/txrebels/posts/1248362688618885
Heart of Texas,Facebook.com/Txrebels,186855,2017-03-02,15:59:00, GMT-0500,12821,Facebook,,https://www.facebook.com/txrebels/posts/1146904502098038
Heart of Texas,Facebook.com/Txrebels,233349,2017-06-27,21:00:00, GMT-0400,12427,Facebook,,https://www.facebook.com/txrebels/posts/1267423936712760
Heart of Texas,Facebook.com/Txrebels,189984,2017-03-08,15:59:00, GMT-0500,12300,Facebook,,https://www.facebook.com/txrebels/posts/1151237011664787
Heart of Texas,Facebook.com/Txrebels,217785,2017-05-10,19:00:00, GMT-0400,12233,Facebook,,https://www.facebook.com/txrebels/posts/1218597028262118
Heart of Texas,Facebook.com/Txrebels,189051,2017-03-06,17:00:01, GMT-0500,12085,Facebook,,https://www.facebook.com/txrebels/posts/1150332201755268
Heart of Texas,Facebook.com/Txrebels,245271,2017-08-06,20:00:00, GMT-0400,12058,Facebook,,https://www.facebook.com/txrebels/posts/1307221946066292
Heart of Texas,Facebook.com/Txrebels,224132,2017-06-09,19:00:00, GMT-0400,12044,Facebook,,https://www.facebook.com/txrebels/posts/1248363221952165
Heart of Texas,Facebook.com/Txrebels,215476,2017-05-02,19:03:00, GMT-0400,11902,Facebook,,https://www.facebook.com/txrebels/posts/1203146729807148
I Love Texas,Facebook.com/Txrebels,373495,2017-06-15,07:36:51, GMT-0400,11581,Facebook,,https://www.facebook.com/ilovethegreatstateoftexas/posts/1314102018659169
Heart of Texas,Facebook.com/Txrebels,194687,2017-03-24,19:00:00, GMT-0400,11417,Facebook,,https://www.facebook.com/txrebels/posts/1167857043336117
Heart of Texas,Facebook.com/Txrebels,211510,2017-04-20,18:00:00, GMT-0400,11302,Facebook,,https://www.facebook.com/txrebels/posts/1199359873519167
I Love Texas,Facebook.com/Txrebels,373495,2017-06-15,07:37:11, GMT-0400,11142,Facebook,,https://www.facebook.com/ilovethegreatstateoftexas/posts/1314102145325823
Heart of Texas,Facebook.com/Txrebels,215610,2017-05-03,20:07:00, GMT-0400,11125,Facebook,,https://www.facebook.com/txrebels/posts/1203151906473297
Heart of Texas,Facebook.com/Txrebels,183464,2017-02-22,18:00:01, GMT-0500,11007,Facebook,,https://www.facebook.com/txrebels/posts/1138880886233733
Heart of Texas,Facebook.com/Txrebels,221630,2017-05-27,18:29:00, GMT-0400,10946,Facebook,,https://www.facebook.com/txrebels/posts/1230310887090732
I Love Texas,Facebook.com/Txrebels,362927,2017-04-12,17:01:12, GMT-0400,10855,Facebook,,https://www.facebook.com/ilovethegreatstateoftexas/posts/1253624298040275
Heart of Texas,Facebook.com/Txrebels,245271,2017-08-05,20:00:00, GMT-0400,10402,Facebook,,https://www.facebook.com/txrebels/posts/1307217126066774
Heart of Texas,Facebook.com/Txrebels,246612,2017-08-11,18:00:00, GMT-0400,10304,Facebook,,https://www.facebook.com/txrebels/posts/1314016362053517
Heart of Texas,Facebook.com/Txrebels,199162,2017-03-29,16:00:00, GMT-0400,10296,Facebook,,https://www.facebook.com/txrebels/posts/1172998256155329
Heart of Texas,Facebook.com/Txrebels,213056,2017-04-24,18:00:00, GMT-0400,10231,Facebook,,https://www.facebook.com/txrebels/posts/1204008823054272
Heart of Texas,Facebook.com/Txrebels,217785,2017-05-10,18:00:00, GMT-0400,10161,Facebook,,https://www.facebook.com/txrebels/posts/1218596004928887
Heart of Texas,Facebook.com/Txrebels,196759,2017-03-26,19:00:00, GMT-0400,10103,Facebook,,https://www.facebook.com/txrebels/posts/1167865736668581
Heart of Texas,Facebook.com/Txrebels,189458,2017-03-07,15:59:00, GMT-0500,9868,Facebook,,https://www.facebook.com/txrebels/posts/1151232194998602
Heart of Texas,Facebook.com/Txrebels,248065,2017-08-16,18:30:00, GMT-0400,9863,Facebook,,https://www.facebook.com/txrebels/posts/1319780364810450
Heart of Texas,Facebook.com/Txrebels,248568,2017-08-17,18:30:00, GMT-0400,9724,Facebook,,https://www.facebook.com/txrebels/posts/1320788158043004
Heart of Texas,Facebook.com/Txrebels,164428,2016-12-27,18:30:00, GMT-0500,9611,Facebook,,https://www.facebook.com/txrebels/posts/1084820848306404
Heart of Texas,Facebook.com/Txrebels,183745,2017-02-23,15:59:00, GMT-0500,9428,Facebook,,https://www.facebook.com/txrebels/posts/1138882782900210
Heart of Texas,Facebook.com/Txrebels,244655,2017-08-03,15:00:00, GMT-0400,9372,Facebook,,https://www.facebook.com/txrebels/posts/1306149882840165
Heart of Texas,Facebook.com/Txrebels,244655,2017-08-03,18:00:00, GMT-0400,9347,Facebook,,https://www.facebook.com/txrebels/posts/1306151142840039
Heart of Texas,Facebook.com/Txrebels,170235,2017-01-12,14:55:00, GMT-0500,9239,Facebook,,https://www.facebook.com/txrebels/posts/1098382056950283
Heart of Texas,Facebook.com/Txrebels,168668,2017-01-07,15:00:00, GMT-0500,9140,Facebook,,https://www.facebook.com/txrebels/posts/1085631604891995
Heart of Texas,Facebook.com/Txrebels,193568,2017-03-20,16:59:02, GMT-0400,9082,Facebook,,https://www.facebook.com/txrebels/posts/1163869200401568
Heart of Texas,Facebook.com/Txrebels,185692,2017-02-28,17:00:03, GMT-0500,9031,Facebook,,https://www.facebook.com/txrebels/posts/1145202438934911
Heart of Texas,Facebook.com/Txrebels,159148,2016-12-06,15:40:00, GMT-0500,8871,Facebook,,https://www.facebook.com/txrebels/posts/1065336826921473
Heart of Texas,Facebook.com/Txrebels,245850,2017-08-08,15:30:00, GMT-0400,8838,Facebook,,https://www.facebook.com/txrebels/posts/1311140472341106
Heart of Texas,Facebook.com/Txrebels,237521,2017-07-13,19:28:00, GMT-0400,8530,Facebook,,https://www.facebook.com/txrebels/posts/1283707328417754
Heart of Texas,Facebook.com/Txrebels,192820,2017-03-17,20:00:01, GMT-0400,8355,Facebook,,https://www.facebook.com/txrebels/posts/1161189330669555
Heart of Texas,Facebook.com/Txrebels,200986,2017-04-04,20:11:00, GMT-0400,8336,Facebook,,https://www.facebook.com/txrebels/posts/1173089309479557
Heart of Texas,Facebook.com/Txrebels,160730,2016-12-15,17:20:00, GMT-0500,8320,Facebook,,https://www.facebook.com/txrebels/posts/1074964495958706
Heart of Texas,Facebook.com/Txrebels,234260,2017-07-03,20:00:00, GMT-0400,8176,Facebook,,https://www.facebook.com/txrebels/posts/1273903792731441
Heart of Texas,Facebook.com/Txrebels,234018,2017-07-01,19:00:00, GMT-0400,8147,Facebook,,https://www.facebook.com/txrebels/posts/1270850646370089
Heart of Texas,Facebook.com/Txrebels,191401,2017-03-11,17:00:00, GMT-0500,8027,Facebook,,https://www.facebook.com/txrebels/posts/1151240694997752
Heart of Texas,Facebook.com/Txrebels,216631,2017-05-07,16:51:00, GMT-0400,7903,Facebook,,https://www.facebook.com/txrebels/posts/1203134036475084
Heart of Texas,Facebook.com/Txrebels,233888,2017-07-01,18:00:00, GMT-0400,7893,Facebook,,https://www.facebook.com/txrebels/posts/1267430006712153
Heart of Texas,Facebook.com/Txrebels,218863,2017-05-13,19:00:00, GMT-0400,7880,Facebook,,https://www.facebook.com/txrebels/posts/1219434504845037
Heart of Texas,Facebook.com/Txrebels,184091,2017-02-24,17:00:01, GMT-0500,7799,Facebook,,https://www.facebook.com/txrebels/posts/1138885116233310
Heart of Texas,Facebook.com/Txrebels,235677,2017-07-08,20:16:00, GMT-0400,7760,Facebook,,https://www.facebook.com/txrebels/posts/1274945105960643
Heart of Texas,Facebook.com/Txrebels,224320,2017-06-10,18:00:00, GMT-0400,7724,Facebook,,https://www.facebook.com/txrebels/posts/1247171395404681
Heart of Texas,Facebook.com/Txrebels,229567,2017-06-18,19:00:00, GMT-0400,7688,Facebook,,https://www.facebook.com/txrebels/posts/1256349877820166
Heart of Texas,Facebook.com/Txrebels,215476,2017-05-02,20:07:00, GMT-0400,7656,Facebook,,https://www.facebook.com/txrebels/posts/1203151669806654
Heart of Texas,Facebook.com/Txrebels,177029,2017-02-05,09:19:01, GMT-0500,7638,Facebook,,https://www.facebook.com/txrebels/posts/1119134834875005
Heart of Texas,Facebook.com/Txrebels,173588,2017-01-26,18:30:00, GMT-0500,7622,Facebook,,https://www.facebook.com/txrebels/posts/1113333242121831
Heart of Texas,Facebook.com/Txrebels,158771,2016-12-04,14:00:00, GMT-0500,7589,Facebook,,https://www.facebook.com/txrebels/posts/1061207300667759
Heart of Texas,Facebook.com/Txrebels,193568,2017-03-20,18:00:00, GMT-0400,7585,Facebook,,https://www.facebook.com/txrebels/posts/1163869437068211
Heart of Texas,Facebook.com/Txrebels,211767,2017-04-21,18:00:00, GMT-0400,7575,Facebook,,https://www.facebook.com/txrebels/posts/1200723803382774
Heart of Texas,Facebook.com/Txrebels,248065,2017-08-16,19:00:00, GMT-0400,7540,Facebook,,https://www.facebook.com/txrebels/posts/1319789938142826
Heart of Texas,Facebook.com/Txrebels,235067,2017-07-07,19:00:00, GMT-0400,7416,Facebook,,https://www.facebook.com/txrebels/posts/1274940802627740
Heart of Texas,Facebook.com/Txrebels,235294,2017-07-08,18:30:00, GMT-0400,7405,Facebook,,https://www.facebook.com/txrebels/posts/1274942952627525
Heart of Texas,Facebook.com/Txrebels,238467,2017-07-16,19:12:00, GMT-0400,7395,Facebook,,https://www.facebook.com/txrebels/posts/1285047901617030
Heart of Texas,Facebook.com/Txrebels,250245,2017-08-24,15:00:00, GMT-0400,7348,Facebook,,https://www.facebook.com/txrebels/posts/1328129067308913
Heart of Texas,Facebook.com/Txrebels,235294,2017-07-08,19:00:00, GMT-0400,7335,Facebook,,https://www.facebook.com/txrebels/posts/1274943259294161
Heart of Texas,Facebook.com/Txrebels,225116,2017-06-12,16:00:00, GMT-0400,7287,Facebook,,https://www.facebook.com/txrebels/posts/1248370905284730
Heart of Texas,Facebook.com/Txrebels,194098,2017-03-22,18:00:00, GMT-0400,7254,Facebook,,https://www.facebook.com/txrebels/posts/1165813703540451
Heart of Texas,Facebook.com/Txrebels,163007,2016-12-21,17:00:00, GMT-0500,7200,Facebook,,https://www.facebook.com/txrebels/posts/1080288625426293
Heart of Texas,Facebook.com/Txrebels,236610,2017-07-11,20:07:00, GMT-0400,7189,Facebook,,https://www.facebook.com/txrebels/posts/1281927961929024
Heart of Texas,Facebook.com/Txrebels,180581,2017-02-14,18:00:04, GMT-0500,7174,Facebook,,https://www.facebook.com/txrebels/posts/1132252163563272
Heart of Texas,Facebook.com/Txrebels,200009,2017-03-31,15:57:00, GMT-0400,7145,Facebook,,https://www.facebook.com/txrebels/posts/1173076412814180
Heart of Texas,Facebook.com/Txrebels,192345,2017-03-15,19:30:00, GMT-0400,7065,Facebook,,https://www.facebook.com/txrebels/posts/1159481027507052
Heart of Texas,Facebook.com/Txrebels,201527,2017-04-07,20:09:00, GMT-0400,6993,Facebook,,https://www.facebook.com/txrebels/posts/1173087569479731
Heart of Texas,Facebook.com/Txrebels,200009,2017-03-31,20:19:19, GMT-0400,6987,Facebook,,https://www.facebook.com/txrebels/posts/1173077339480754
Heart of Texas,Facebook.com/Txrebels,168107,2017-01-05,18:30:01, GMT-0500,6986,Facebook,,https://www.facebook.com/txrebels/posts/1084825331639289
Heart of Texas,Facebook.com/Txrebels,169672,2017-01-10,17:00:00, GMT-0500,6980,Facebook,,https://www.facebook.com/txrebels/posts/1096562287132260
Heart of Texas,Facebook.com/Txrebels,214709,2017-04-28,16:00:00, GMT-0400,6866,Facebook,,https://www.facebook.com/txrebels/posts/1207797256008762
Heart of Texas,Facebook.com/Txrebels,166820,2017-01-01,15:54:00, GMT-0500,6856,Facebook,,https://www.facebook.com/txrebels/posts/1080293202092502
Heart of Texas,Facebook.com/Txrebels,194687,2017-03-24,16:00:00, GMT-0400,6797,Facebook,,https://www.facebook.com/txrebels/posts/1167854793336342
Heart of Texas,Facebook.com/Txrebels,168668,2017-01-06,18:30:00, GMT-0500,6771,Facebook,,https://www.facebook.com/txrebels/posts/1084826874972468
Heart of Texas,Facebook.com/Txrebels,166820,2017-01-01,18:30:00, GMT-0500,6743,Facebook,,https://www.facebook.com/txrebels/posts/1081143182007504
Heart of Texas,Facebook.com/Txrebels,173373,2017-01-25,18:02:03, GMT-0500,6712,Facebook,,https://www.facebook.com/txrebels/posts/1112078918913930
I Love Texas,Facebook.com/Txrebels,359630,2017-03-26,14:16:21, GMT-0400,6693,Facebook,,https://www.facebook.com/ilovethegreatstateoftexas/posts/1235856943150344
Heart of Texas,Facebook.com/Txrebels,186855,2017-03-02,18:00:00, GMT-0500,6614,Facebook,,https://www.facebook.com/txrebels/posts/1146906175431204
Heart of Texas,Facebook.com/Txrebels,221476,2017-05-26,16:28:00, GMT-0400,6599,Facebook,,https://www.facebook.com/txrebels/posts/1231120853676402
Heart of Texas,Facebook.com/Txrebels,223079,2017-06-04,18:09:00, GMT-0400,6597,Facebook,,https://www.facebook.com/txrebels/posts/1239916082796879
Heart of Texas,Facebook.com/Txrebels,160428,2016-12-13,13:12:01, GMT-0500,6582,Facebook,,https://www.facebook.com/txrebels/posts/1072897776165378
Heart of Texas,Facebook.com/Txrebels,167821,2017-01-04,18:00:00, GMT-0500,6535,Facebook,,https://www.facebook.com/txrebels/posts/1084078908380598
Heart of Texas,Facebook.com/Txrebels,198622,2017-03-28,19:32:00, GMT-0400,6491,Facebook,,https://www.facebook.com/txrebels/posts/1171929192928902
Heart of Texas,Facebook.com/Txrebels,183464,2017-02-22,17:30:00, GMT-0500,6480,Facebook,,https://www.facebook.com/txrebels/posts/1138880602900428
Heart of Texas,Facebook.com/Txrebels,244433,2017-08-02,11:00:00, GMT-0400,6439,Facebook,,https://www.facebook.com/txrebels/posts/1305167432938410
Heart of Texas,Facebook.com/Txrebels,183464,2017-02-22,19:00:01, GMT-0500,6423,Facebook,,https://www.facebook.com/txrebels/posts/1138881909566964
Heart of Texas,Facebook.com/Txrebels,245082,2017-08-05,18:30:00, GMT-0400,6413,Facebook,,https://www.facebook.com/txrebels/posts/1307216012733552
Heart of Texas,Facebook.com/Txrebels,238913,2017-07-16,20:12:00, GMT-0400,6400,Facebook,,https://www.facebook.com/txrebels/posts/1285048148283672
Heart of Texas,Facebook.com/Txrebels,246612,2017-08-11,17:30:00, GMT-0400,6338,Facebook,,https://www.facebook.com/txrebels/posts/1314006918721128
Heart of Texas,Facebook.com/Txrebels,222446,2017-06-01,20:00:00, GMT-0400,6329,Facebook,,https://www.facebook.com/txrebels/posts/1238727922915695
Heart of Texas,Facebook.com/Txrebels,168107,2017-01-05,15:09:00, GMT-0500,6328,Facebook,,https://www.facebook.com/txrebels/posts/1084069215048234
Heart of Texas,Facebook.com/Txrebels,215789,2017-05-04,18:00:00, GMT-0400,6323,Facebook,,https://www.facebook.com/txrebels/posts/1203141946474293
Heart of Texas,Facebook.com/Txrebels,202154,2017-04-10,19:00:00, GMT-0400,6320,Facebook,,https://www.facebook.com/txrebels/posts/1187315771390244
Heart of Texas,Facebook.com/Txrebels,199162,2017-03-29,19:00:00, GMT-0400,6316,Facebook,,https://www.facebook.com/txrebels/posts/1170776883044133
Heart of Texas,Facebook.com/Txrebels,194687,2017-03-24,16:59:00, GMT-0400,6308,Facebook,,https://www.facebook.com/txrebels/posts/1167856170002871
Heart of Texas,Facebook.com/Txrebels,164428,2016-12-27,15:59:00, GMT-0500,6305,Facebook,,https://www.facebook.com/txrebels/posts/1084810038307485
Heart of Texas,Facebook.com/Txrebels,239570,2017-07-19,20:00:00, GMT-0400,6295,Facebook,,https://www.facebook.com/txrebels/posts/1290149184440235
Heart of Texas,Facebook.com/Txrebels,159622,2016-12-08,13:05:31, GMT-0500,6261,Facebook,,https://www.facebook.com/txrebels/posts/1067498296705326
Heart of Texas,Facebook.com/Txrebels,172343,2017-01-20,15:59:01, GMT-0500,6237,Facebook,,https://www.facebook.com/txrebels/posts/1106041789517643
Heart of Texas,Facebook.com/Txrebels,210871,2017-04-18,18:00:00, GMT-0400,6198,Facebook,,https://www.facebook.com/txrebels/posts/1196894787099009
Heart of Texas,Facebook.com/Txrebels,167106,2017-01-02,18:30:00, GMT-0500,6157,Facebook,,https://www.facebook.com/txrebels/posts/1081740795281076
Heart of Texas,Facebook.com/Txrebels,250245,2017-08-24,18:00:00, GMT-0400,6090,Facebook,,https://www.facebook.com/txrebels/posts/1328137973974689
Heart of Texas,Facebook.com/Txrebels,245850,2017-08-07,20:30:00, GMT-0400,6087,Facebook,,https://www.facebook.com/txrebels/posts/1310211809100639
Heart of Texas,Facebook.com/Txrebels,186855,2017-03-02,18:30:00, GMT-0500,6086,Facebook,,https://www.facebook.com/txrebels/posts/1146906368764518
Heart of Texas,Facebook.com/Txrebels,189051,2017-03-06,15:00:01, GMT-0500,6069,Facebook,,https://www.facebook.com/txrebels/posts/1150331601755328
Heart of Texas,Facebook.com/Txrebels,214912,2017-04-29,18:00:00, GMT-0400,6062,Facebook,,https://www.facebook.com/txrebels/posts/1203134823141672
Heart of Texas,Facebook.com/Txrebels,230328,2017-06-19,18:00:00, GMT-0400,6050,Facebook,,https://www.facebook.com/txrebels/posts/1259540654167755
Heart of Texas,Facebook.com/Txrebels,249770,2017-08-23,16:00:00, GMT-0400,6027,Facebook,,https://www.facebook.com/txrebels/posts/1327028174085669
Heart of Texas,Facebook.com/Txrebels,200519,2017-04-02,16:01:00, GMT-0400,6007,Facebook,,https://www.facebook.com/txrebels/posts/1173080246147130
Heart of Texas,Facebook.com/Txrebels,164245,2016-12-26,18:00:00, GMT-0500,5998,Facebook,,https://www.facebook.com/txrebels/posts/1084070091714813
Heart of Texas,Facebook.com/Txrebels,174092,2017-01-27,19:00:00, GMT-0500,5924,Facebook,,https://www.facebook.com/txrebels/posts/1114508495337639
Heart of Texas,Facebook.com/Txrebels,160117,2016-12-11,09:57:00, GMT-0500,5916,Facebook,,https://www.facebook.com/txrebels/posts/1068560569932432
Heart of Texas,Facebook.com/Txrebels,245271,2017-08-06,18:00:00, GMT-0400,5906,Facebook,,https://www.facebook.com/txrebels/posts/1307218916066595
Heart of Texas,Facebook.com/Txrebels,250245,2017-08-24,16:00:00, GMT-0400,5890,Facebook,,https://www.facebook.com/txrebels/posts/1328133317308488
Heart of Texas,Facebook.com/Txrebels,220906,2017-05-22,18:30:00, GMT-0400,5886,Facebook,,https://www.facebook.com/txrebels/posts/1229356260519528
Heart of Texas,Facebook.com/Txrebels,236882,2017-07-12,19:11:00, GMT-0400,5870,Facebook,,https://www.facebook.com/txrebels/posts/1282907121831108
Heart of Texas,Facebook.com/Txrebels,166820,2017-01-01,17:00:00, GMT-0500,5843,Facebook,,https://www.facebook.com/txrebels/posts/1080293555425800
I Love Texas,Facebook.com/Txrebels,377963,2017-07-11,18:07:40, GMT-0400,5842,Facebook,,https://www.facebook.com/ilovethegreatstateoftexas/posts/1339586226110748
Heart of Texas,Facebook.com/Txrebels,194098,2017-03-22,16:56:00, GMT-0400,5828,Facebook,,https://www.facebook.com/txrebels/posts/1165813493540472
Heart of Texas,Facebook.com/Txrebels,220459,2017-05-21,18:31:00, GMT-0400,5805,Facebook,,https://www.facebook.com/txrebels/posts/1226804760774678
Heart of Texas,Facebook.com/Txrebels,234858,2017-07-06,19:00:00, GMT-0400,5796,Facebook,,https://www.facebook.com/txrebels/posts/1274937632628057
Heart of Texas,Facebook.com/Txrebels,231749,2017-06-21,19:30:00, GMT-0400,5783,Facebook,,https://www.facebook.com/txrebels/posts/1261490203972800
Heart of Texas,Facebook.com/Txrebels,242468,2017-07-29,15:00:00, GMT-0400,5778,Facebook,,https://www.facebook.com/txrebels/posts/1301388733316280
Heart of Texas,Facebook.com/Txrebels,229567,2017-06-18,16:31:00, GMT-0400,5770,Facebook,,https://www.facebook.com/txrebels/posts/1256349214486899
Heart of Texas,Facebook.com/Txrebels,212515,2017-04-23,18:00:00, GMT-0400,5736,Facebook,,https://www.facebook.com/txrebels/posts/1201771156611372
Heart of Texas,Facebook.com/Txrebels,247597,2017-08-15,20:00:00, GMT-0400,5733,Facebook,,https://www.facebook.com/txrebels/posts/1318361168285703
Heart of Texas,Facebook.com/Txrebels,216268,2017-05-06,19:04:00, GMT-0400,5696,Facebook,,https://www.facebook.com/txrebels/posts/1203149086473579
Heart of Texas,Facebook.com/Txrebels,167434,2017-01-03,19:04:01, GMT-0500,5675,Facebook,,https://www.facebook.com/txrebels/posts/1081755741946248
Heart of Texas,Facebook.com/Txrebels,247597,2017-08-15,18:00:00, GMT-0400,5670,Facebook,,https://www.facebook.com/txrebels/posts/1318198461635307
Heart of Texas,Facebook.com/Txrebels,163007,2016-12-21,14:00:36, GMT-0500,5665,Facebook,,https://www.facebook.com/txrebels/posts/1080287188759770
Heart of Texas,Facebook.com/Txrebels,238057,2017-07-14,20:04:00, GMT-0400,5664,Facebook,,https://www.facebook.com/txrebels/posts/1285042851617535
Heart of Texas,Facebook.com/Txrebels,199162,2017-03-29,16:51:00, GMT-0400,5606,Facebook,,https://www.facebook.com/txrebels/posts/1172998659488622
Heart of Texas,Facebook.com/Txrebels,171919,2017-01-18,15:59:01, GMT-0500,5602,Facebook,,https://www.facebook.com/txrebels/posts/1104069799714842
Heart of Texas,Facebook.com/Txrebels,186255,2017-03-01,18:00:00, GMT-0500,5587,Facebook,,https://www.facebook.com/txrebels/posts/1146087565513065
Heart of Texas,Facebook.com/Txrebels,184091,2017-02-24,15:52:00, GMT-0500,5550,Facebook,,https://www.facebook.com/txrebels/posts/1138884952899993
Heart of Texas,Facebook.com/Txrebels,240491,2017-07-24,13:30:00, GMT-0400,5546,Facebook,,https://www.facebook.com/txrebels/posts/1295512047237282
Heart of Texas,Facebook.com/Txrebels,249470,2017-08-21,16:00:00, GMT-0400,5545,Facebook,,https://www.facebook.com/txrebels/posts/1325138850941268
Heart of Texas,Facebook.com/Txrebels,236308,2017-07-10,16:15:00, GMT-0400,5530,Facebook,,https://www.facebook.com/txrebels/posts/1280886122033208
Heart of Texas,Facebook.com/Txrebels,239886,2017-07-20,11:00:00, GMT-0400,5509,Facebook,,https://www.facebook.com/txrebels/posts/1291097704345383
Heart of Texas,Facebook.com/Txrebels,219789,2017-05-18,19:00:00, GMT-0400,5496,Facebook,,https://www.facebook.com/txrebels/posts/1225715840883570
Heart of Texas,Facebook.com/Txrebels,211203,2017-04-19,19:00:00, GMT-0400,5454,Facebook,,https://www.facebook.com/txrebels/posts/1198124510309370
Heart of Texas,Facebook.com/Txrebels,176687,2017-02-04,18:00:00, GMT-0500,5442,Facebook,,https://www.facebook.com/txrebels/posts/1117926058329216
Heart of Texas,Facebook.com/Txrebels,194098,2017-03-22,20:00:00, GMT-0400,5430,Facebook,,https://www.facebook.com/txrebels/posts/1165818456873309
Heart of Texas,Facebook.com/Txrebels,169901,2017-01-11,17:24:00, GMT-0500,5368,Facebook,,https://www.facebook.com/txrebels/posts/1097356433719512
Heart of Texas,Facebook.com/Txrebels,235294,2017-07-08,18:00:00, GMT-0400,5347,Facebook,,https://www.facebook.com/txrebels/posts/1274942632627557
Heart of Texas,Facebook.com/Txrebels,193310,2017-03-19,16:52:00, GMT-0400,5311,Facebook,,https://www.facebook.com/txrebels/posts/1160340214087800
Heart of Texas,Facebook.com/Txrebels,217476,2017-05-09,18:00:00, GMT-0400,5284,Facebook,,https://www.facebook.com/txrebels/posts/1203143503140804
Heart of Texas,Facebook.com/Txrebels,216268,2017-05-06,16:50:00, GMT-0400,5245,Facebook,,https://www.facebook.com/txrebels/posts/1203133789808442
Heart of Texas,Facebook.com/Txrebels,235294,2017-07-08,16:13:00, GMT-0400,5229,Facebook,,https://www.facebook.com/txrebels/posts/1274942262627594
Heart of Texas,Facebook.com/Txrebels,239886,2017-07-20,13:00:00, GMT-0400,5225,Facebook,,https://www.facebook.com/txrebels/posts/1291098761011944
Heart of Texas,Facebook.com/Txrebels,173839,2017-01-27,17:00:00, GMT-0500,5224,Facebook,,https://www.facebook.com/txrebels/posts/1114462068675615
Heart of Texas,Facebook.com/Txrebels,223740,2017-06-07,18:00:00, GMT-0400,5220,Facebook,,https://www.facebook.com/txrebels/posts/1246153862173101
Heart of Texas,Facebook.com/Txrebels,165337,2016-12-28,19:31:00, GMT-0500,5200,Facebook,,https://www.facebook.com/txrebels/posts/1085633438225145
Heart of Texas,Facebook.com/Txrebels,210871,2017-04-18,16:59:00, GMT-0400,5200,Facebook,,https://www.facebook.com/txrebels/posts/1196893953765759
Heart of Texas,Facebook.com/Txrebels,237156,2017-07-13,18:00:00, GMT-0400,5175,Facebook,,https://www.facebook.com/txrebels/posts/1283690518419435
Heart of Texas,Facebook.com/Txrebels,240220,2017-07-22,12:00:00, GMT-0400,5174,Facebook,,https://www.facebook.com/txrebels/posts/1292112927577194
Heart of Texas,Facebook.com/Txrebels,202767,2017-04-12,18:00:00, GMT-0400,5168,Facebook,,https://www.facebook.com/txrebels/posts/1189897484465406
Heart of Texas,Facebook.com/Txrebels,235067,2017-07-07,19:30:00, GMT-0400,5158,Facebook,,https://www.facebook.com/txrebels/posts/1274940979294389
Heart of Texas,Facebook.com/Txrebels,173839,2017-01-27,17:30:00, GMT-0500,5121,Facebook,,https://www.facebook.com/txrebels/posts/1114462678675554
Heart of Texas,Facebook.com/Txrebels,190420,2017-03-09,17:00:00, GMT-0500,5087,Facebook,,https://www.facebook.com/txrebels/posts/1153475778107577
Heart of Texas,Facebook.com/Txrebels,207108,2017-04-14,19:00:00, GMT-0400,5069,Facebook,,https://www.facebook.com/txrebels/posts/1192387817549706
Heart of Texas,Facebook.com/Txrebels,215476,2017-05-02,16:48:00, GMT-0400,5047,Facebook,,https://www.facebook.com/txrebels/posts/1203131509808670
Heart of Texas,Facebook.com/Txrebels,159622,2016-12-08,14:25:01, GMT-0500,5030,Facebook,,https://www.facebook.com/txrebels/posts/1067498680038621
Heart of Texas,Facebook.com/Txrebels,160596,2016-12-14,17:14:00, GMT-0500,5018,Facebook,,https://www.facebook.com/txrebels/posts/1073959352725887
Heart of Texas,Facebook.com/Txrebels,195421,2017-03-25,20:36:00, GMT-0400,4996,Facebook,,https://www.facebook.com/txrebels/posts/1167866323335189
Heart of Texas,Facebook.com/Txrebels,240082,2017-07-21,16:00:00, GMT-0400,4977,Facebook,,https://www.facebook.com/txrebels/posts/1292097117578775
Heart of Texas,Facebook.com/Txrebels,219789,2017-05-18,18:30:00, GMT-0400,4973,Facebook,,https://www.facebook.com/txrebels/posts/1225715557550265
Heart of Texas,Facebook.com/Txrebels,167434,2017-01-03,18:00:00, GMT-0500,4968,Facebook,,https://www.facebook.com/txrebels/posts/1081754995279656
Heart of Texas,Facebook.com/Txrebels,212515,2017-04-23,19:56:00, GMT-0400,4967,Facebook,,https://www.facebook.com/txrebels/posts/1201771689944652
Heart of Texas,Facebook.com/Txrebels,232165,2017-06-22,20:00:00, GMT-0400,4942,Facebook,,https://www.facebook.com/txrebels/posts/1262467320541755
Heart of Texas,Facebook.com/Txrebels,186855,2017-03-02,17:00:00, GMT-0500,4935,Facebook,,https://www.facebook.com/txrebels/posts/1146905565431265
Heart of Texas,Facebook.com/Txrebels,240598,2017-07-25,19:00:00, GMT-0400,4927,Facebook,,https://www.facebook.com/txrebels/posts/1296862490435571
Heart of Texas,Facebook.com/Txrebels,159770,2016-12-09,10:00:00, GMT-0500,4913,Facebook,,https://www.facebook.com/txrebels/posts/1068558966599259
Heart of Texas,Facebook.com/Txrebels,235294,2017-07-08,16:59:00, GMT-0400,4906,Facebook,,https://www.facebook.com/txrebels/posts/1274942435960910
Heart of Texas,Facebook.com/Txrebels,201937,2017-04-09,20:26:00, GMT-0400,4905,Facebook,,https://www.facebook.com/txrebels/posts/1173101736144981
Heart of Texas,Facebook.com/Txrebels,164428,2016-12-27,18:00:00, GMT-0500,4904,Facebook,,https://www.facebook.com/txrebels/posts/1084820578306431
Heart of Texas,Facebook.com/Txrebels,229567,2017-06-18,18:00:00, GMT-0400,4901,Facebook,,https://www.facebook.com/txrebels/posts/1256349587820195
Heart of Texas,Facebook.com/Txrebels,167821,2017-01-04,17:07:00, GMT-0500,4890,Facebook,,https://www.facebook.com/txrebels/posts/1084068131715009
Heart of Texas,Facebook.com/Txrebels,162279,2016-12-19,19:00:02, GMT-0500,4886,Facebook,,https://www.facebook.com/txrebels/posts/1078613225593833
Heart of Texas,Facebook.com/Txrebels,220136,2017-05-20,16:32:00, GMT-0400,4865,Facebook,,https://www.facebook.com/txrebels/posts/1223175581137596
Heart of Texas,Facebook.com/Txrebels,172086,2017-01-19,17:30:00, GMT-0500,4841,Facebook,,https://www.facebook.com/txrebels/posts/1105190502936105
Heart of Texas,Facebook.com/Txrebels,193845,2017-03-21,16:00:02, GMT-0400,4794,Facebook,,https://www.facebook.com/txrebels/posts/1164816343640187
Heart of Texas,Facebook.com/Txrebels,211203,2017-04-19,18:00:00, GMT-0400,4784,Facebook,,https://www.facebook.com/txrebels/posts/1198123666976121
Heart of Texas,Facebook.com/Txrebels,161535,2016-12-17,12:00:00, GMT-0500,4774,Facebook,,https://www.facebook.com/txrebels/posts/1075870105868145
Heart of Texas,Facebook.com/Txrebels,164814,2016-12-28,17:30:00, GMT-0500,4747,Facebook,,https://www.facebook.com/txrebels/posts/1085632988225190
Heart of Texas,Facebook.com/Txrebels,179756,2017-02-12,09:00:01, GMT-0500,4746,Facebook,,https://www.facebook.com/txrebels/posts/1125454204243068
Heart of Texas,Facebook.com/Txrebels,194385,2017-03-23,19:00:00, GMT-0400,4745,Facebook,,https://www.facebook.com/txrebels/posts/1166890520099436
Heart of Texas,Facebook.com/Txrebels,251373,2017-08-26,19:30:00, GMT-0400,4722,Facebook,,https://www.facebook.com/txrebels/posts/1329126477209172
Heart of Texas,Facebook.com/Txrebels,166430,2016-12-31,15:55:00, GMT-0500,4710,Facebook,,https://www.facebook.com/txrebels/posts/1081134745341681
Heart of Texas,Facebook.com/Txrebels,178403,2017-02-09,17:00:03, GMT-0500,4698,Facebook,,https://www.facebook.com/txrebels/posts/1128117857310036
Heart of Texas,Facebook.com/Txrebels,189051,2017-03-06,15:59:00, GMT-0500,4690,Facebook,,https://www.facebook.com/txrebels/posts/1150332108421944
Heart of Texas,Facebook.com/Txrebels,172343,2017-01-20,18:00:00, GMT-0500,4686,Facebook,,https://www.facebook.com/txrebels/posts/1106043119517510
Heart of Texas,Facebook.com/Txrebels,249085,2017-08-19,19:30:00, GMT-0400,4647,Facebook,,https://www.facebook.com/txrebels/posts/1321926574595829
Heart of Texas,Facebook.com/Txrebels,199162,2017-03-29,18:00:00, GMT-0400,4637,Facebook,,https://www.facebook.com/txrebels/posts/1172998862821935
Heart of Texas,Facebook.com/Txrebels,215610,2017-05-03,16:00:00, GMT-0400,4633,Facebook,,https://www.facebook.com/txrebels/posts/1203127753142379
Heart of Texas,Facebook.com/Txrebels,216631,2017-05-07,18:00:00, GMT-0400,4627,Facebook,,https://www.facebook.com/txrebels/posts/1203142899807531
Heart of Texas,Facebook.com/Txrebels,160596,2016-12-14,11:11:03, GMT-0500,4622,Facebook,,https://www.facebook.com/txrebels/posts/1073957362726086
Heart of Texas,Facebook.com/Txrebels,211767,2017-04-20,20:20:00, GMT-0400,4621,Facebook,,https://www.facebook.com/txrebels/posts/1199361830185638
Heart of Texas,Facebook.com/Txrebels,221476,2017-05-26,19:00:00, GMT-0400,4584,Facebook,,https://www.facebook.com/txrebels/posts/1232862580168896
Heart of Texas,Facebook.com/Txrebels,166430,2016-12-31,14:08:00, GMT-0500,4557,Facebook,,https://www.facebook.com/txrebels/posts/1084068435048312
Heart of Texas,Facebook.com/Txrebels,200756,2017-04-03,19:08:00, GMT-0400,4549,Facebook,,https://www.facebook.com/txrebels/posts/1173086416146513
Heart of Texas,Facebook.com/Txrebels,250245,2017-08-24,15:30:00, GMT-0400,4546,Facebook,,https://www.facebook.com/txrebels/posts/1328129550642198
Heart of Texas,Facebook.com/Txrebels,194687,2017-03-24,10:05:45, GMT-0400,4546,Facebook,,https://www.facebook.com/txrebels/posts/1167738140014674
Heart of Texas,Facebook.com/Txrebels,183464,2017-02-22,09:00:01, GMT-0500,4544,Facebook,,https://www.facebook.com/txrebels/posts/1138781789576976
Heart of Texas,Facebook.com/Txrebels,184593,2017-02-25,18:00:00, GMT-0500,4535,Facebook,,https://www.facebook.com/txrebels/posts/1138883059566849
Heart of Texas,Facebook.com/Txrebels,183153,2017-02-21,18:30:00, GMT-0500,4525,Facebook,,https://www.facebook.com/txrebels/posts/1138862816235540
Heart of Texas,Facebook.com/Txrebels,170235,2017-01-12,17:30:00, GMT-0500,4515,Facebook,,https://www.facebook.com/txrebels/posts/1098382853616870
Heart of Texas,Facebook.com/Txrebels,187507,2017-03-03,17:00:01, GMT-0500,4504,Facebook,,https://www.facebook.com/txrebels/posts/1147676775354144
Heart of Texas,Facebook.com/Txrebels,201743,2017-04-08,18:00:00, GMT-0400,4501,Facebook,,https://www.facebook.com/txrebels/posts/1173099936145161
Heart of Texas,Facebook.com/Txrebels,223542,2017-06-06,19:30:00, GMT-0400,4476,Facebook,,https://www.facebook.com/txrebels/posts/1244839982304489
Heart of Texas,Facebook.com/Txrebels,191958,2017-03-13,19:37:01, GMT-0400,4462,Facebook,,https://www.facebook.com/txrebels/posts/1157602077694947
Heart of Texas,Facebook.com/Txrebels,199162,2017-03-29,19:55:00, GMT-0400,4453,Facebook,,https://www.facebook.com/txrebels/posts/1173000926155062
Heart of Texas,Facebook.com/Txrebels,238467,2017-07-16,16:11:00, GMT-0400,4449,Facebook,,https://www.facebook.com/txrebels/posts/1285047594950394
Heart of Texas,Facebook.com/Txrebels,210028,2017-04-16,16:00:00, GMT-0400,4440,Facebook,,https://www.facebook.com/txrebels/posts/1191181311003690
Heart of Texas,Facebook.com/Txrebels,215610,2017-05-03,16:49:00, GMT-0400,4427,Facebook,,https://www.facebook.com/txrebels/posts/1203132193141935
Heart of Texas,Facebook.com/Txrebels,241093,2017-07-27,16:30:00, GMT-0400,4422,Facebook,,https://www.facebook.com/txrebels/posts/1299395740182246
Heart of Texas,Facebook.com/Txrebels,170660,2017-01-13,18:00:00, GMT-0500,4415,Facebook,,https://www.facebook.com/txrebels/posts/1099306433524512
Heart of Texas,Facebook.com/Txrebels,233349,2017-06-28,19:30:00, GMT-0400,4413,Facebook,,https://www.facebook.com/txrebels/posts/1268444733277347
Heart of Texas,Facebook.com/Txrebels,194098,2017-03-22,18:30:00, GMT-0400,4410,Facebook,,https://www.facebook.com/txrebels/posts/1165814880207000
Heart of Texas,Facebook.com/Txrebels,163826,2016-12-24,18:00:00, GMT-0500,4409,Facebook,,https://www.facebook.com/txrebels/posts/1080293838759105
Heart of Texas,Facebook.com/Txrebels,222676,2017-06-02,18:00:00, GMT-0400,4394,Facebook,,https://www.facebook.com/txrebels/posts/1240006122787875
Heart of Texas,Facebook.com/Txrebels,165954,2016-12-30,15:59:02, GMT-0500,4380,Facebook,,https://www.facebook.com/txrebels/posts/1084068765048279
Heart of Texas,Facebook.com/Txrebels,215789,2017-05-04,19:03:00, GMT-0400,4354,Facebook,,https://www.facebook.com/txrebels/posts/1203148389806982
Heart of Texas,Facebook.com/Txrebels,200986,2017-04-04,16:59:00, GMT-0400,4353,Facebook,,https://www.facebook.com/txrebels/posts/1173088286146326
Heart of Texas,Facebook.com/Txrebels,181187,2017-02-16,15:59:00, GMT-0500,4352,Facebook,,https://www.facebook.com/txrebels/posts/1134045823383906
Heart of Texas,Facebook.com/Txrebels,244872,2017-08-04,19:00:00, GMT-0400,4347,Facebook,,https://www.facebook.com/txrebels/posts/1307204482734705
Heart of Texas,Facebook.com/Txrebels,200986,2017-04-04,19:11:00, GMT-0400,4346,Facebook,,https://www.facebook.com/txrebels/posts/1173088966146258
Heart of Texas,Facebook.com/Txrebels,202154,2017-04-10,16:59:00, GMT-0400,4340,Facebook,,https://www.facebook.com/txrebels/posts/1187310878057400
Heart of Texas,Facebook.com/Txrebels,222239,2017-05-30,18:33:00, GMT-0400,4327,Facebook,,https://www.facebook.com/txrebels/posts/1236708213117666
Heart of Texas,Facebook.com/Txrebels,215476,2017-05-02,18:00:00, GMT-0400,4326,Facebook,,https://www.facebook.com/txrebels/posts/1203141349807686
Heart of Texas,Facebook.com/Txrebels,239570,2017-07-18,21:00:00, GMT-0400,4310,Facebook,,https://www.facebook.com/txrebels/posts/1289138274541326
Heart of Texas,Facebook.com/Txrebels,201356,2017-04-06,15:16:00, GMT-0400,4297,Facebook,,https://www.facebook.com/txrebels/posts/1173094039479084
Heart of Texas,Facebook.com/Txrebels,168382,2017-01-06,18:00:00, GMT-0500,4287,Facebook,,https://www.facebook.com/txrebels/posts/1084826671639155
Heart of Texas,Facebook.com/Txrebels,168382,2017-01-05,19:20:00, GMT-0500,4286,Facebook,,https://www.facebook.com/txrebels/posts/1084825544972601
Heart of Texas,Facebook.com/Txrebels,200283,2017-04-01,18:00:00, GMT-0400,4282,Facebook,,https://www.facebook.com/txrebels/posts/1173078239480664
Heart of Texas,Facebook.com/Txrebels,220136,2017-05-20,19:25:00, GMT-0400,4263,Facebook,,https://www.facebook.com/txrebels/posts/1225720940883060
Heart of Texas,Facebook.com/Txrebels,200986,2017-04-04,16:10:00, GMT-0400,4260,Facebook,,https://www.facebook.com/txrebels/posts/1173087982813023
Heart of Texas,Facebook.com/Txrebels,225270,2017-06-13,19:30:00, GMT-0400,4251,Facebook,,https://www.facebook.com/txrebels/posts/1252953054826515
Heart of Texas,Facebook.com/Txrebels,216268,2017-05-06,18:00:00, GMT-0400,4245,Facebook,,https://www.facebook.com/txrebels/posts/1203142619807559
Heart of Texas,Facebook.com/Txrebels,198622,2017-03-27,20:15:00, GMT-0400,4238,Facebook,,https://www.facebook.com/txrebels/posts/1170778136377341
Heart of Texas,Facebook.com/Txrebels,177688,2017-02-07,15:59:00, GMT-0500,4233,Facebook,,https://www.facebook.com/txrebels/posts/1125421094246379
Heart of Texas,Facebook.com/Txrebels,193310,2017-03-19,19:00:00, GMT-0400,4218,Facebook,,https://www.facebook.com/txrebels/posts/1161201320668356
Heart of Texas,Facebook.com/Txrebels,163522,2016-12-23,15:59:02, GMT-0500,4214,Facebook,,https://www.facebook.com/txrebels/posts/1081744355280720
Heart of Texas,Facebook.com/Txrebels,169672,2017-01-10,19:44:00, GMT-0500,4208,Facebook,,https://www.facebook.com/txrebels/posts/1096570640464758
Heart of Texas,Facebook.com/Txrebels,213056,2017-04-24,16:59:00, GMT-0400,4206,Facebook,,https://www.facebook.com/txrebels/posts/1204008159721005
Heart of Texas,Facebook.com/Txrebels,200009,2017-03-31,09:56:00, GMT-0400,4194,Facebook,,https://www.facebook.com/txrebels/posts/1173075216147633
Heart of Texas,Facebook.com/Txrebels,194687,2017-03-24,18:00:00, GMT-0400,4183,Facebook,,https://www.facebook.com/txrebels/posts/1167856440002844
Heart of Texas,Facebook.com/Txrebels,219486,2017-05-16,19:34:00, GMT-0400,4179,Facebook,,https://www.facebook.com/txrebels/posts/1224025527719268
Heart of Texas,Facebook.com/Txrebels,245271,2017-08-06,19:00:00, GMT-0400,4178,Facebook,,https://www.facebook.com/txrebels/posts/1307220712733082
Heart of Texas,Facebook.com/Txrebels,244071,2017-07-31,21:00:00, GMT-0400,4167,Facebook,,https://www.facebook.com/txrebels/posts/1303333939788426
Heart of Texas,Facebook.com/Txrebels,234260,2017-07-03,16:59:00, GMT-0400,4166,Facebook,,https://www.facebook.com/txrebels/posts/1273898122732008
Heart of Texas,Facebook.com/Txrebels,221630,2017-05-27,18:59:00, GMT-0400,4154,Facebook,,https://www.facebook.com/txrebels/posts/1229357027186118
Heart of Texas,Facebook.com/Txrebels,234858,2017-07-06,20:09:00, GMT-0400,4152,Facebook,,https://www.facebook.com/txrebels/posts/1274939159294571
Heart of Texas,Facebook.com/Txrebels,240598,2017-07-25,11:00:01, GMT-0400,4150,Facebook,,https://www.facebook.com/txrebels/posts/1296849727103514
Heart of Texas,Facebook.com/Txrebels,173373,2017-01-25,17:01:00, GMT-0500,4137,Facebook,,https://www.facebook.com/txrebels/posts/1112078115580677
Heart of Texas,Facebook.com/Txrebels,171716,2017-01-16,18:00:00, GMT-0500,4118,Facebook,,https://www.facebook.com/txrebels/posts/1102257939896028
Heart of Texas,Facebook.com/Txrebels,231749,2017-06-20,19:00:00, GMT-0400,4113,Facebook,,https://www.facebook.com/txrebels/posts/1260580894063731
Heart of Texas,Facebook.com/Txrebels,252246,2017-08-27,20:00:00, GMT-0400,4092,Facebook,,https://www.facebook.com/txrebels/posts/1329131713875315
Heart of Texas,Facebook.com/Txrebels,194687,2017-03-24,18:30:00, GMT-0400,4088,Facebook,,https://www.facebook.com/txrebels/posts/1167856676669487
Heart of Texas,Facebook.com/Txrebels,190420,2017-03-09,09:00:01, GMT-0500,4087,Facebook,,https://www.facebook.com/txrebels/posts/1153315928123562
Heart of Texas,Facebook.com/Txrebels,239318,2017-07-18,16:59:00, GMT-0400,4075,Facebook,,https://www.facebook.com/txrebels/posts/1288918684563285
Heart of Texas,Facebook.com/Txrebels,164245,2016-12-26,19:00:00, GMT-0500,4068,Facebook,,https://www.facebook.com/txrebels/posts/1084070601714762
Heart of Texas,Facebook.com/Txrebels,216268,2017-05-05,20:08:00, GMT-0400,4060,Facebook,,https://www.facebook.com/txrebels/posts/1203152393139915
Heart of Texas,Facebook.com/Txrebels,176687,2017-02-04,09:00:01, GMT-0500,4057,Facebook,,https://www.facebook.com/txrebels/posts/1119077774880711
Heart of Texas,Facebook.com/Txrebels,235067,2017-07-07,18:30:00, GMT-0400,4021,Facebook,,https://www.facebook.com/txrebels/posts/1274940595961094
Heart of Texas,Facebook.com/Txrebels,219114,2017-05-14,19:30:00, GMT-0400,4018,Facebook,,https://www.facebook.com/txrebels/posts/1220445811410573
Heart of Texas,Facebook.com/Txrebels,198622,2017-03-28,19:00:00, GMT-0400,4003,Facebook,,https://www.facebook.com/txrebels/posts/1171927506262404
Heart of Texas,Facebook.com/Txrebels,162646,2016-12-20,17:30:00, GMT-0500,4002,Facebook,,https://www.facebook.com/txrebels/posts/1079440072177815
Heart of Texas,Facebook.com/Txrebels,180288,2017-02-13,15:59:00, GMT-0500,3976,Facebook,,https://www.facebook.com/txrebels/posts/1131300560325099
Heart of Texas,Facebook.com/Txrebels,224320,2017-06-11,19:00:00, GMT-0400,3976,Facebook,,https://www.facebook.com/txrebels/posts/1248367965285024
Heart of Texas,Facebook.com/Txrebels,161031,2016-12-16,14:23:00, GMT-0500,3974,Facebook,,https://www.facebook.com/txrebels/posts/1074969179291571
Heart of Texas,Facebook.com/Txrebels,164063,2016-12-25,17:00:00, GMT-0500,3974,Facebook,,https://www.facebook.com/txrebels/posts/1081136522008170
Heart of Texas,Facebook.com/Txrebels,162279,2016-12-19,17:00:00, GMT-0500,3971,Facebook,,https://www.facebook.com/txrebels/posts/1078612472260575
Heart of Texas,Facebook.com/Txrebels,183464,2017-02-22,18:30:02, GMT-0500,3970,Facebook,,https://www.facebook.com/txrebels/posts/1138881079567047
Heart of Texas,Facebook.com/Txrebels,238467,2017-07-16,18:11:00, GMT-0400,3970,Facebook,,https://www.facebook.com/txrebels/posts/1285047708283716
Heart of Texas,Facebook.com/Txrebels,160730,2016-12-15,14:19:00, GMT-0500,3970,Facebook,,https://www.facebook.com/txrebels/posts/1074964169292072
Heart of Texas,Facebook.com/Txrebels,159770,2016-12-09,21:27:04, GMT-0500,3961,Facebook,,https://www.facebook.com/txrebels/posts/1067500660038423
Heart of Texas,Facebook.com/Txrebels,193845,2017-03-21,16:59:00, GMT-0400,3958,Facebook,,https://www.facebook.com/txrebels/posts/1164816540306834
Heart of Texas,Facebook.com/Txrebels,201743,2017-04-08,10:20:00, GMT-0400,3951,Facebook,,https://www.facebook.com/txrebels/posts/1173097319478756
Heart of Texas,Facebook.com/Txrebels,222890,2017-06-03,10:08:00, GMT-0400,3948,Facebook,,https://www.facebook.com/txrebels/posts/1239910812797406
Heart of Texas,Facebook.com/Txrebels,160428,2016-12-13,14:12:00, GMT-0500,3947,Facebook,,https://www.facebook.com/txrebels/posts/1072898286165327
Heart of Texas,Facebook.com/Txrebels,189051,2017-03-05,19:30:00, GMT-0500,3940,Facebook,,https://www.facebook.com/txrebels/posts/1145222378932917
Heart of Texas,Facebook.com/Txrebels,181935,2017-02-18,19:02:00, GMT-0500,3905,Facebook,,https://www.facebook.com/txrebels/posts/1131376476984174
Heart of Texas,Facebook.com/Txrebels,160730,2016-12-15,10:19:46, GMT-0500,3894,Facebook,,https://www.facebook.com/txrebels/posts/1073961666058989
Heart of Texas,Facebook.com/Txrebels,200283,2017-04-01,18:59:00, GMT-0400,3882,Facebook,,https://www.facebook.com/txrebels/posts/1173078552813966
Heart of Texas,Facebook.com/Txrebels,169901,2017-01-11,15:59:00, GMT-0500,3879,Facebook,,https://www.facebook.com/txrebels/posts/1097355920386230
Heart of Texas,Facebook.com/Txrebels,162646,2016-12-20,14:00:00, GMT-0500,3877,Facebook,,https://www.facebook.com/txrebels/posts/1079439312177891
Heart of Texas,Facebook.com/Txrebels,201356,2017-04-06,17:02:36, GMT-0400,3871,Facebook,,https://www.facebook.com/txrebels/posts/1173094629479025
Heart of Texas,Facebook.com/Txrebels,180884,2017-02-15,17:29:00, GMT-0500,3862,Facebook,,https://www.facebook.com/txrebels/posts/1132995793488909
Heart of Texas,Facebook.com/Txrebels,189458,2017-03-07,19:00:01, GMT-0500,3850,Facebook,,https://www.facebook.com/txrebels/posts/1151233858331769
Heart of Texas,Facebook.com/Txrebels,247358,2017-08-14,18:30:00, GMT-0400,3847,Facebook,,https://www.facebook.com/txrebels/posts/1317123241742829
Heart of Texas,Facebook.com/Txrebels,236882,2017-07-12,19:40:00, GMT-0400,3844,Facebook,,https://www.facebook.com/txrebels/posts/1282907338497753
Heart of Texas,Facebook.com/Txrebels,202154,2017-04-10,16:00:00, GMT-0400,3842,Facebook,,https://www.facebook.com/txrebels/posts/1187310748057413
Heart of Texas,Facebook.com/Txrebels,170235,2017-01-12,15:56:00, GMT-0500,3832,Facebook,,https://www.facebook.com/txrebels/posts/1098382263616929
Heart of Texas,Facebook.com/Txrebels,182841,2017-02-20,17:30:00, GMT-0500,3811,Facebook,,https://www.facebook.com/txrebels/posts/1137995096322312
Heart of Texas,Facebook.com/Txrebels,246612,2017-08-11,18:30:00, GMT-0400,3811,Facebook,,https://www.facebook.com/txrebels/posts/1314024942052659
Heart of Texas,Facebook.com/Txrebels,243150,2017-07-30,16:00:00, GMT-0400,3805,Facebook,,https://www.facebook.com/txrebels/posts/1301391959982624
Heart of Texas,Facebook.com/Txrebels,245271,2017-08-06,16:30:00, GMT-0400,3801,Facebook,,https://www.facebook.com/txrebels/posts/1307218622733291
Heart of Texas,Facebook.com/Txrebels,235677,2017-07-09,18:00:00, GMT-0400,3800,Facebook,,https://www.facebook.com/txrebels/posts/1274947572627063
Heart of Texas,Facebook.com/Txrebels,178823,2017-02-10,17:00:00, GMT-0500,3786,Facebook,,https://www.facebook.com/txrebels/posts/1128907383897750
Heart of Texas,Facebook.com/Txrebels,164245,2016-12-26,15:59:00, GMT-0500,3784,Facebook,,https://www.facebook.com/txrebels/posts/1084067025048453
Heart of Texas,Facebook.com/Txrebels,195421,2017-03-25,20:00:00, GMT-0400,3782,Facebook,,https://www.facebook.com/txrebels/posts/1166898543431967
Heart of Texas,Facebook.com/Txrebels,221476,2017-05-26,18:00:00, GMT-0400,3777,Facebook,,https://www.facebook.com/txrebels/posts/1231974850257669
Heart of Texas,Facebook.com/Txrebels,171716,2017-01-17,09:46:50, GMT-0500,3773,Facebook,,https://www.facebook.com/txrebels/posts/1103192476469241
Heart of Texas,Facebook.com/Txrebels,214912,2017-04-29,10:00:00, GMT-0400,3770,Facebook,,https://www.facebook.com/txrebels/posts/1203118186476669
Heart of Texas,Facebook.com/Txrebels,246400,2017-08-10,16:30:00, GMT-0400,3765,Facebook,,https://www.facebook.com/txrebels/posts/1312842905504196
Heart of Texas,Facebook.com/Txrebels,215104,2017-04-30,18:00:00, GMT-0400,3763,Facebook,,https://www.facebook.com/txrebels/posts/1203135133141641
Heart of Texas,Facebook.com/Txrebels,183153,2017-02-21,17:00:01, GMT-0500,3757,Facebook,,https://www.facebook.com/txrebels/posts/1138861302902358
Heart of Texas,Facebook.com/Txrebels,241645,2017-07-28,13:30:00, GMT-0400,3733,Facebook,,https://www.facebook.com/txrebels/posts/1300550886733398
Heart of Texas,Facebook.com/Txrebels,223740,2017-06-07,18:35:00, GMT-0400,3731,Facebook,,https://www.facebook.com/txrebels/posts/1246155342172953
Heart of Texas,Facebook.com/Txrebels,213608,2017-04-25,18:28:05, GMT-0400,3728,Facebook,,https://www.facebook.com/txrebels/posts/1205244429597378
Heart of Texas,Facebook.com/Txrebels,244872,2017-08-04,11:00:00, GMT-0400,3722,Facebook,,https://www.facebook.com/txrebels/posts/1307197556068731
Heart of Texas,Facebook.com/Txrebels,222325,2017-05-31,19:01:00, GMT-0400,3718,Facebook,,https://www.facebook.com/txrebels/posts/1237693616352459
Heart of Texas,Facebook.com/Txrebels,217099,2017-05-08,16:51:00, GMT-0400,3709,Facebook,,https://www.facebook.com/txrebels/posts/1203134236475064
Heart of Texas,Facebook.com/Txrebels,159406,2016-12-07,14:07:38, GMT-0500,3708,Facebook,,https://www.facebook.com/txrebels/posts/1066611130127376
Heart of Texas,Facebook.com/Txrebels,169055,2017-01-08,17:00:02, GMT-0500,3703,Facebook,,https://www.facebook.com/txrebels/posts/1086264041495418
Heart of Texas,Facebook.com/Txrebels,234260,2017-07-03,18:30:00, GMT-0400,3697,Facebook,,https://www.facebook.com/txrebels/posts/1273898899398597
Heart of Texas,Facebook.com/Txrebels,234858,2017-07-06,19:30:00, GMT-0400,3692,Facebook,,https://www.facebook.com/txrebels/posts/1274938492627971
Heart of Texas,Facebook.com/Txrebels,192608,2017-03-16,19:30:00, GMT-0400,3681,Facebook,,https://www.facebook.com/txrebels/posts/1160338044088017
Heart of Texas,Facebook.com/Txrebels,235067,2017-07-07,16:59:00, GMT-0400,3656,Facebook,,https://www.facebook.com/txrebels/posts/1274939979294489
Heart of Texas,Facebook.com/Txrebels,223542,2017-06-06,18:00:00, GMT-0400,3655,Facebook,,https://www.facebook.com/txrebels/posts/1244835545638266
Heart of Texas,Facebook.com/Txrebels,170235,2017-01-12,18:30:00, GMT-0500,3654,Facebook,,https://www.facebook.com/txrebels/posts/1098384036950085
Heart of Texas,Facebook.com/Txrebels,202354,2017-04-11,18:56:22, GMT-0400,3654,Facebook,,https://www.facebook.com/txrebels/posts/1188652037923284
Heart of Texas,Facebook.com/Txrebels,166820,2017-01-01,18:00:00, GMT-0500,3653,Facebook,,https://www.facebook.com/txrebels/posts/1081142598674229
Heart of Texas,Facebook.com/Txrebels,189458,2017-03-07,18:30:01, GMT-0500,3653,Facebook,,https://www.facebook.com/txrebels/posts/1151232641665224
Heart of Texas,Facebook.com/Txrebels,158385,2016-12-02,19:00:00, GMT-0500,3643,Facebook,,https://www.facebook.com/txrebels/posts/1061200360668453
Heart of Texas,Facebook.com/Txrebels,174377,2017-01-29,15:06:00, GMT-0500,3627,Facebook,,https://www.facebook.com/txrebels/posts/1112082252246930
Heart of Texas,Facebook.com/Txrebels,234260,2017-07-02,18:30:00, GMT-0400,3623,Facebook,,https://www.facebook.com/txrebels/posts/1270851503036670
Heart of Texas,Facebook.com/Txrebels,233490,2017-06-29,19:30:00, GMT-0400,3622,Facebook,,https://www.facebook.com/txrebels/posts/1269743236480830
Heart of Texas,Facebook.com/Txrebels,246400,2017-08-10,17:00:00, GMT-0400,3618,Facebook,,https://www.facebook.com/txrebels/posts/1312843785504108
Heart of Texas,Facebook.com/Txrebels,173373,2017-01-25,15:59:01, GMT-0500,3613,Facebook,,https://www.facebook.com/txrebels/posts/1112077872247368
Heart of Texas,Facebook.com/Txrebels,249770,2017-08-23,19:30:00, GMT-0400,3604,Facebook,,https://www.facebook.com/txrebels/posts/1327047857417034
Heart of Texas,Facebook.com/Txrebels,173141,2017-01-24,15:59:01, GMT-0500,3600,Facebook,,https://www.facebook.com/txrebels/posts/1110827865705702
Heart of Texas,Facebook.com/Txrebels,173588,2017-01-26,19:00:00, GMT-0500,3594,Facebook,,https://www.facebook.com/txrebels/posts/1113334278788394
Heart of Texas,Facebook.com/Txrebels,239570,2017-07-18,20:00:00, GMT-0400,3591,Facebook,,https://www.facebook.com/txrebels/posts/1289137381208082
Heart of Texas,Facebook.com/Txrebels,225116,2017-06-12,16:59:00, GMT-0400,3584,Facebook,,https://www.facebook.com/txrebels/posts/1248371541951333
Heart of Texas,Facebook.com/Txrebels,175396,2017-02-01,17:00:01, GMT-0500,3565,Facebook,,https://www.facebook.com/txrebels/posts/1120318078090014
Heart of Texas,Facebook.com/Txrebels,164428,2016-12-27,17:30:00, GMT-0500,3558,Facebook,,https://www.facebook.com/txrebels/posts/1084820038306485
Heart of Texas,Facebook.com/Txrebels,170235,2017-01-12,18:00:00, GMT-0500,3555,Facebook,,https://www.facebook.com/txrebels/posts/1098383193616836
Heart of Texas,Facebook.com/Txrebels,163299,2016-12-22,15:59:01, GMT-0500,3541,Facebook,,https://www.facebook.com/txrebels/posts/1080890952032727
Heart of Texas,Facebook.com/Txrebels,223740,2017-06-07,16:34:00, GMT-0400,3540,Facebook,,https://www.facebook.com/txrebels/posts/1246152815506539
Heart of Texas,Facebook.com/Txrebels,171919,2017-01-18,17:30:00, GMT-0500,3538,Facebook,,https://www.facebook.com/txrebels/posts/1104072139714608
Heart of Texas,Facebook.com/Txrebels,163007,2016-12-21,15:48:00, GMT-0500,3536,Facebook,,https://www.facebook.com/txrebels/posts/1080288355426320
Heart of Texas,Facebook.com/Txrebels,172787,2017-01-22,15:59:10, GMT-0500,3535,Facebook,,https://www.facebook.com/txrebels/posts/1104075866380902
Heart of Texas,Facebook.com/Txrebels,237521,2017-07-13,20:00:00, GMT-0400,3530,Facebook,,https://www.facebook.com/txrebels/posts/1283707675084386
Heart of Texas,Facebook.com/Txrebels,178061,2017-02-08,18:00:00, GMT-0500,3514,Facebook,,https://www.facebook.com/txrebels/posts/1127305930724562
Heart of Texas,Facebook.com/Txrebels,168668,2017-01-07,18:00:00, GMT-0500,3509,Facebook,,https://www.facebook.com/txrebels/posts/1084828641638958
Heart of Texas,Facebook.com/Txrebels,233888,2017-07-01,16:24:00, GMT-0400,3506,Facebook,,https://www.facebook.com/txrebels/posts/1267429636712190
Heart of Texas,Facebook.com/Txrebels,196759,2017-03-26,20:00:00, GMT-0400,3499,Facebook,,https://www.facebook.com/txrebels/posts/1167865983335223
Heart of Texas,Facebook.com/Txrebels,192166,2017-03-14,16:59:01, GMT-0400,3496,Facebook,,https://www.facebook.com/txrebels/posts/1158599134261908
Heart of Texas,Facebook.com/Txrebels,225116,2017-06-12,18:30:00, GMT-0400,3487,Facebook,,https://www.facebook.com/txrebels/posts/1248376515284169
Heart of Texas,Facebook.com/Txrebels,169055,2017-01-08,18:28:00, GMT-0500,3477,Facebook,,https://www.facebook.com/txrebels/posts/1084832244971931
Heart of Texas,Facebook.com/Txrebels,236882,2017-07-12,18:40:00, GMT-0400,3458,Facebook,,https://www.facebook.com/txrebels/posts/1282906631831157
Heart of Texas,Facebook.com/Txrebels,249770,2017-08-23,15:00:00, GMT-0400,3453,Facebook,,https://www.facebook.com/txrebels/posts/1327027557419064
Heart of Texas,Facebook.com/Txrebels,167106,2017-01-02,18:00:00, GMT-0500,3451,Facebook,,https://www.facebook.com/txrebels/posts/1080294472092375
Heart of Texas,Facebook.com/Txrebels,248927,2017-08-18,18:30:00, GMT-0400,3450,Facebook,,https://www.facebook.com/txrebels/posts/1321899684598518
Heart of Texas,Facebook.com/Txrebels,245505,2017-08-07,19:00:00, GMT-0400,3433,Facebook,,https://www.facebook.com/txrebels/posts/1310209312434222
Heart of Texas,Facebook.com/Txrebels,240598,2017-07-25,14:00:00, GMT-0400,3431,Facebook,,https://www.facebook.com/txrebels/posts/1296850990436721
Heart of Texas,Facebook.com/Txrebels,185339,2017-02-27,15:00:02, GMT-0500,3426,Facebook,,https://www.facebook.com/txrebels/posts/1144265562361932
Heart of Texas,Facebook.com/Txrebels,216268,2017-05-06,16:00:00, GMT-0400,3422,Facebook,,https://www.facebook.com/txrebels/posts/1203128969808924
Heart of Texas,Facebook.com/Txrebels,183745,2017-02-23,15:00:02, GMT-0500,3412,Facebook,,https://www.facebook.com/txrebels/posts/1138882489566906
Heart of Texas,Facebook.com/Txrebels,166820,2016-12-31,19:00:00, GMT-0500,3412,Facebook,,https://www.facebook.com/txrebels/posts/1084825151639307
Heart of Texas,Facebook.com/Txrebels,213056,2017-04-24,18:58:00, GMT-0400,3410,Facebook,,https://www.facebook.com/txrebels/posts/1204009329720888
Heart of Texas,Facebook.com/Txrebels,249261,2017-08-20,20:00:00, GMT-0400,3408,Facebook,,https://www.facebook.com/txrebels/posts/1321888791266274
Heart of Texas,Facebook.com/Txrebels,190420,2017-03-08,19:00:14, GMT-0500,3407,Facebook,,https://www.facebook.com/txrebels/posts/1151237731664715
Heart of Texas,Facebook.com/Txrebels,220906,2017-05-22,16:21:00, GMT-0400,3401,Facebook,,https://www.facebook.com/txrebels/posts/1229355273852960
Heart of Texas,Facebook.com/Txrebels,211203,2017-04-19,18:30:00, GMT-0400,3398,Facebook,,https://www.facebook.com/txrebels/posts/1198123980309423
Heart of Texas,Facebook.com/Txrebels,219647,2017-05-17,18:28:00, GMT-0400,3391,Facebook,,https://www.facebook.com/txrebels/posts/1224874527634368
Heart of Texas,Facebook.com/Txrebels,237521,2017-07-14,16:02:00, GMT-0400,3388,Facebook,,https://www.facebook.com/txrebels/posts/1285040268284460
Heart of Texas,Facebook.com/Txrebels,200519,2017-04-02,20:02:00, GMT-0400,3386,Facebook,,https://www.facebook.com/txrebels/posts/1173081479480340
Heart of Texas,Facebook.com/Txrebels,171023,2017-01-14,08:59:01, GMT-0500,3386,Facebook,,https://www.facebook.com/txrebels/posts/1099193703535785
Heart of Texas,Facebook.com/Txrebels,245850,2017-08-08,16:00:00, GMT-0400,3366,Facebook,,https://www.facebook.com/txrebels/posts/1311141482341005
Heart of Texas,Facebook.com/Txrebels,202767,2017-04-12,16:30:01, GMT-0400,3350,Facebook,,https://www.facebook.com/txrebels/posts/1189895954465559
Heart of Texas,Facebook.com/Txrebels,162279,2016-12-19,14:08:00, GMT-0500,3345,Facebook,,https://www.facebook.com/txrebels/posts/1078608762260946
Heart of Texas,Facebook.com/Txrebels,162646,2016-12-20,15:52:00, GMT-0500,3338,Facebook,,https://www.facebook.com/txrebels/posts/1079439552177867
Heart of Texas,Facebook.com/Txrebels,247358,2017-08-13,20:00:00, GMT-0400,3335,Facebook,,https://www.facebook.com/txrebels/posts/1314034032051750
Heart of Texas,Facebook.com/Txrebels,200009,2017-03-31,16:55:00, GMT-0400,3329,Facebook,,https://www.facebook.com/txrebels/posts/1173074129481075
Heart of Texas,Facebook.com/Txrebels,216631,2017-05-07,19:04:00, GMT-0400,3323,Facebook,,https://www.facebook.com/txrebels/posts/1203149556473532
Heart of Texas,Facebook.com/Txrebels,169397,2017-01-09,15:59:00, GMT-0500,3320,Facebook,,https://www.facebook.com/txrebels/posts/1095723913882764
Heart of Texas,Facebook.com/Txrebels,192820,2017-03-17,19:30:00, GMT-0400,3316,Facebook,,https://www.facebook.com/txrebels/posts/1161190274002794
Heart of Texas,Facebook.com/Txrebels,210500,2017-04-17,16:00:00, GMT-0400,3310,Facebook,,https://www.facebook.com/txrebels/posts/1195827930539028
Heart of Texas,Facebook.com/Txrebels,188621,2017-03-05,17:00:00, GMT-0500,3309,Facebook,,https://www.facebook.com/txrebels/posts/1146910095430812
Heart of Texas,Facebook.com/Txrebels,235294,2017-07-08,19:30:00, GMT-0400,3307,Facebook,,https://www.facebook.com/txrebels/posts/1274944699294017
Heart of Texas,Facebook.com/Txrebels,211203,2017-04-19,20:00:00, GMT-0400,3298,Facebook,,https://www.facebook.com/txrebels/posts/1198125330309288
Heart of Texas,Facebook.com/Txrebels,200283,2017-04-01,15:58:00, GMT-0400,3293,Facebook,,https://www.facebook.com/txrebels/posts/1173077569480731
Heart of Texas,Facebook.com/Txrebels,175396,2017-01-31,18:30:00, GMT-0500,3289,Facebook,,https://www.facebook.com/txrebels/posts/1117909211664234
Heart of Texas,Facebook.com/Txrebels,174651,2017-01-30,18:13:00, GMT-0500,3278,Facebook,,https://www.facebook.com/txrebels/posts/1117911081664047
Heart of Texas,Facebook.com/Txrebels,193055,2017-03-18,16:57:01, GMT-0400,3270,Facebook,,https://www.facebook.com/txrebels/posts/1157614237693731
Heart of Texas,Facebook.com/Txrebels,159148,2016-12-06,10:00:00, GMT-0500,3263,Facebook,,https://www.facebook.com/txrebels/posts/1065334100255079
Heart of Texas,Facebook.com/Txrebels,243663,2017-07-31,12:00:00, GMT-0400,3253,Facebook,,https://www.facebook.com/txrebels/posts/1303329563122197
Heart of Texas,Facebook.com/Txrebels,242468,2017-07-29,19:30:00, GMT-0400,3253,Facebook,,https://www.facebook.com/txrebels/posts/1301390129982807
Heart of Texas,Facebook.com/Txrebels,163826,2016-12-24,18:30:00, GMT-0500,3249,Facebook,,https://www.facebook.com/txrebels/posts/1079441728844316
Heart of Texas,Facebook.com/Txrebels,234858,2017-07-06,18:00:00, GMT-0400,3247,Facebook,,https://www.facebook.com/txrebels/posts/1274936922628128
Heart of Texas,Facebook.com/Txrebels,163522,2016-12-23,17:30:00, GMT-0500,3241,Facebook,,https://www.facebook.com/txrebels/posts/1081751445280011
Heart of Texas,Facebook.com/Txrebels,164814,2016-12-28,18:00:00, GMT-0500,3230,Facebook,,https://www.facebook.com/txrebels/posts/1085633148225174
Heart of Texas,Facebook.com/Txrebels,219114,2017-05-14,19:05:00, GMT-0400,3216,Facebook,,https://www.facebook.com/txrebels/posts/1220443474744140
Heart of Texas,Facebook.com/Txrebels,181187,2017-02-16,17:00:03, GMT-0500,3206,Facebook,,https://www.facebook.com/txrebels/posts/1134062006715621
Heart of Texas,Facebook.com/Txrebels,193568,2017-03-20,19:00:42, GMT-0400,3204,Facebook,,https://www.facebook.com/txrebels/posts/1163870073734814
Heart of Texas,Facebook.com/Txrebels,210500,2017-04-17,09:58:16, GMT-0400,3202,Facebook,,https://www.facebook.com/txrebels/posts/1195746777213810
Heart of Texas,Facebook.com/Txrebels,200009,2017-03-31,18:57:00, GMT-0400,3195,Facebook,,https://www.facebook.com/txrebels/posts/1173077086147446
Heart of Texas,Facebook.com/Txrebels,225116,2017-06-12,19:00:00, GMT-0400,3188,Facebook,,https://www.facebook.com/txrebels/posts/1248378391950648
Heart of Texas,Facebook.com/Txrebels,217099,2017-05-08,19:05:00, GMT-0400,3182,Facebook,,https://www.facebook.com/txrebels/posts/1203149973140157
Heart of Texas,Facebook.com/Txrebels,225116,2017-06-12,19:30:00, GMT-0400,3180,Facebook,,https://www.facebook.com/txrebels/posts/1248379708617183
Heart of Texas,Facebook.com/Txrebels,217099,2017-05-08,18:00:45, GMT-0400,3179,Facebook,,https://www.facebook.com/txrebels/posts/1203143189807502
Heart of Texas,Facebook.com/Txrebels,239570,2017-07-19,19:00:00, GMT-0400,3172,Facebook,,https://www.facebook.com/txrebels/posts/1290148601106960
Heart of Texas,Facebook.com/Txrebels,197903,2017-03-27,10:00:00, GMT-0400,3171,Facebook,,https://www.facebook.com/txrebels/posts/1170658689722619
Heart of Texas,Facebook.com/Txrebels,240491,2017-07-24,18:00:00, GMT-0400,3162,Facebook,,https://www.facebook.com/txrebels/posts/1295513077237179
Heart of Texas,Facebook.com/Txrebels,170660,2017-01-13,18:30:01, GMT-0500,3158,Facebook,,https://www.facebook.com/txrebels/posts/1099307133524442
Heart of Texas,Facebook.com/Txrebels,180581,2017-02-14,15:00:01, GMT-0500,3156,Facebook,,https://www.facebook.com/txrebels/posts/1132248200230335
Heart of Texas,Facebook.com/Txrebels,158557,2016-12-03,18:00:00, GMT-0500,3156,Facebook,,https://www.facebook.com/txrebels/posts/1061205657334590
Heart of Texas,Facebook.com/Txrebels,169397,2017-01-09,18:07:00, GMT-0500,3144,Facebook,,https://www.facebook.com/txrebels/posts/1095724780549344
Heart of Texas,Facebook.com/Txrebels,189051,2017-03-06,18:00:00, GMT-0500,3136,Facebook,,https://www.facebook.com/txrebels/posts/1150333088421846
Heart of Texas,Facebook.com/Txrebels,231749,2017-06-21,16:00:00, GMT-0400,3136,Facebook,,https://www.facebook.com/txrebels/posts/1261486817306472
Heart of Texas,Facebook.com/Txrebels,193310,2017-03-19,20:00:00, GMT-0400,3135,Facebook,,https://www.facebook.com/txrebels/posts/1161201520668336
Heart of Texas,Facebook.com/Txrebels,215610,2017-05-03,19:00:00, GMT-0400,3134,Facebook,,https://www.facebook.com/txrebels/posts/1203146213140533
Heart of Texas,Facebook.com/Txrebels,236610,2017-07-11,19:02:00, GMT-0400,3133,Facebook,,https://www.facebook.com/txrebels/posts/1281924931929327
Heart of Texas,Facebook.com/Txrebels,202154,2017-04-10,18:00:00, GMT-0400,3128,Facebook,,https://www.facebook.com/txrebels/posts/1187311261390695
Heart of Texas,Facebook.com/Txrebels,160428,2016-12-13,15:59:00, GMT-0500,3117,Facebook,,https://www.facebook.com/txrebels/posts/1072902202831602
Heart of Texas,Facebook.com/Txrebels,191401,2017-03-11,19:00:00, GMT-0500,3117,Facebook,,https://www.facebook.com/txrebels/posts/1151240901664398
Heart of Texas,Facebook.com/Txrebels,158944,2016-12-05,11:00:01, GMT-0500,3113,Facebook,,https://www.facebook.com/txrebels/posts/1064170127038143
Heart of Texas,Facebook.com/Txrebels,224320,2017-06-11,18:00:00, GMT-0400,3113,Facebook,,https://www.facebook.com/txrebels/posts/1248367651951722
Heart of Texas,Facebook.com/Txrebels,164814,2016-12-28,18:31:00, GMT-0500,3110,Facebook,,https://www.facebook.com/txrebels/posts/1085633328225156
Heart of Texas,Facebook.com/Txrebels,225723,2017-06-14,18:02:00, GMT-0400,3107,Facebook,,https://www.facebook.com/txrebels/posts/1254079658047188
Heart of Texas,Facebook.com/Txrebels,204064,2017-04-13,16:59:00, GMT-0400,3105,Facebook,,https://www.facebook.com/txrebels/posts/1191170551004766
Heart of Texas,Facebook.com/Txrebels,189051,2017-03-06,19:00:00, GMT-0500,3097,Facebook,,https://www.facebook.com/txrebels/posts/1150333691755119
Heart of Texas,Facebook.com/Txrebels,220136,2017-05-20,19:00:00, GMT-0400,3089,Facebook,,https://www.facebook.com/txrebels/posts/1226804294108058
Heart of Texas,Facebook.com/Txrebels,236882,2017-07-12,16:10:00, GMT-0400,3088,Facebook,,https://www.facebook.com/txrebels/posts/1282906241831196
Heart of Texas,Facebook.com/Txrebels,166820,2017-01-01,19:00:00, GMT-0500,3087,Facebook,,https://www.facebook.com/txrebels/posts/1081144138674075
Heart of Texas,Facebook.com/Txrebels,239570,2017-07-18,22:00:00, GMT-0400,3082,Facebook,,https://www.facebook.com/txrebels/posts/1289141037874383
Heart of Texas,Facebook.com/Txrebels,163522,2016-12-23,14:59:00, GMT-0500,3077,Facebook,,https://www.facebook.com/txrebels/posts/1081144835340672
Heart of Texas,Facebook.com/Txrebels,188141,2017-03-04,09:10:00, GMT-0500,3076,Facebook,,https://www.facebook.com/txrebels/posts/1147630332025455
Heart of Texas,Facebook.com/Txrebels,215476,2017-05-02,16:00:00, GMT-0400,3075,Facebook,,https://www.facebook.com/txrebels/posts/1203127279809093
Heart of Texas,Facebook.com/Txrebels,233349,2017-06-28,16:00:00, GMT-0400,3070,Facebook,,https://www.facebook.com/txrebels/posts/1267427586712395
Heart of Texas,Facebook.com/Txrebels,199696,2017-03-30,20:20:04, GMT-0400,3066,Facebook,,https://www.facebook.com/txrebels/posts/1174011159387372
Heart of Texas,Facebook.com/Txrebels,236308,2017-07-10,16:59:00, GMT-0400,3051,Facebook,,https://www.facebook.com/txrebels/posts/1280886352033185
Heart of Texas,Facebook.com/Txrebels,198622,2017-03-28,16:59:00, GMT-0400,3050,Facebook,,https://www.facebook.com/txrebels/posts/1171920912929730
Heart of Texas,Facebook.com/Txrebels,219114,2017-05-14,20:09:00, GMT-0400,3047,Facebook,,https://www.facebook.com/txrebels/posts/1220446568077164
Heart of Texas,Facebook.com/Txrebels,180581,2017-02-14,19:00:02, GMT-0500,3027,Facebook,,https://www.facebook.com/txrebels/posts/1132261196895702
Heart of Texas,Facebook.com/Txrebels,244071,2017-08-01,14:00:00, GMT-0400,3018,Facebook,,https://www.facebook.com/txrebels/posts/1304270443028109
Heart of Texas,Facebook.com/Txrebels,168668,2017-01-07,18:30:01, GMT-0500,3011,Facebook,,https://www.facebook.com/txrebels/posts/1084829041638918
Heart of Texas,Facebook.com/Txrebels,234858,2017-07-06,16:06:00, GMT-0400,3006,Facebook,,https://www.facebook.com/txrebels/posts/1274936302628190
Heart of Texas,Facebook.com/Txrebels,170660,2017-01-13,17:00:00, GMT-0500,2999,Facebook,,https://www.facebook.com/txrebels/posts/1099305853524570
Heart of Texas,Facebook.com/Txrebels,239318,2017-07-18,16:00:00, GMT-0400,2983,Facebook,,https://www.facebook.com/txrebels/posts/1288918404563313
Heart of Texas,Facebook.com/Txrebels,163299,2016-12-22,17:00:00, GMT-0500,2980,Facebook,,https://www.facebook.com/txrebels/posts/1080891028699386
Heart of Texas,Facebook.com/Txrebels,249618,2017-08-22,19:00:00, GMT-0400,2977,Facebook,,https://www.facebook.com/txrebels/posts/1326102224178264
Heart of Texas,Facebook.com/Txrebels,165337,2016-12-29,17:30:00, GMT-0500,2975,Facebook,,https://www.facebook.com/txrebels/posts/1086229654832190
Heart of Texas,Facebook.com/Txrebels,188141,2017-03-04,18:59:42, GMT-0500,2963,Facebook,,https://www.facebook.com/txrebels/posts/1145208722267616
Heart of Texas,Facebook.com/Txrebels,227477,2017-06-16,18:28:00, GMT-0400,2963,Facebook,,https://www.facebook.com/txrebels/posts/1256346221153865
Heart of Texas,Facebook.com/Txrebels,243150,2017-07-30,19:30:00, GMT-0400,2953,Facebook,,https://www.facebook.com/txrebels/posts/1301392743315879
Heart of Texas,Facebook.com/Txrebels,192608,2017-03-16,20:00:00, GMT-0400,2901,Facebook,,https://www.facebook.com/txrebels/posts/1160338507421304
Heart of Texas,Facebook.com/Txrebels,183745,2017-02-23,09:00:01, GMT-0500,2896,Facebook,,https://www.facebook.com/txrebels/posts/1138782082910280
Heart of Texas,Facebook.com/Txrebels,187507,2017-03-03,18:30:00, GMT-0500,2869,Facebook,,https://www.facebook.com/txrebels/posts/1147665928688562
Heart of Texas,Facebook.com/Txrebels,225270,2017-06-13,16:00:00, GMT-0400,2819,Facebook,,https://www.facebook.com/txrebels/posts/1252950518160102
Heart of Texas,Facebook.com/Txrebels,224320,2017-06-10,19:00:00, GMT-0400,2812,Facebook,,https://www.facebook.com/txrebels/posts/1248365401951947
Heart of Texas,Facebook.com/Txrebels,213608,2017-04-25,20:31:20, GMT-0400,2795,Facebook,,https://www.facebook.com/txrebels/posts/1205246059597215
Heart of Texas,Facebook.com/Txrebels,170660,2017-01-13,08:58:01, GMT-0500,2791,Facebook,,https://www.facebook.com/txrebels/posts/1099193580202464
Heart of Texas,Facebook.com/Txrebels,219951,2017-05-19,18:00:00, GMT-0400,2755,Facebook,,https://www.facebook.com/txrebels/posts/1226792957442525
Heart of Texas,Facebook.com/Txrebels,158944,2016-12-05,15:00:00, GMT-0500,2744,Facebook,,https://www.facebook.com/txrebels/posts/1064171520371337
Heart of Texas,Facebook.com/Txrebels,245850,2017-08-08,16:30:00, GMT-0400,2716,Facebook,,https://www.facebook.com/txrebels/posts/1311141812340972
Heart of Texas,Facebook.com/Txrebels,220136,2017-05-19,20:50:00, GMT-0400,2673,Facebook,,https://www.facebook.com/txrebels/posts/1226803610774793
Heart of Texas,Facebook.com/Txrebels,196759,2017-03-26,18:00:00, GMT-0400,2569,Facebook,,https://www.facebook.com/txrebels/posts/1167569916698163
